ds,trend,yhat_lower,yhat_upper,trend_lower,trend_upper,additive_terms,additive_terms_lower,additive_terms_upper,yearly,yearly_lower,yearly_upper,multiplicative_terms,multiplicative_terms_lower,multiplicative_terms_upper,yhat
2020-01-05,9348.349705999999,10463.706857304218,13412.52097505163,9348.349705999999,9348.349705999999,2554.583717169109,2554.583717169109,2554.583717169109,2554.583717169109,2554.583717169109,2554.583717169109,0.0,0.0,0.0,11902.933423169108
2020-01-12,9367.857437560975,11336.192918531073,14195.320705717386,9367.857437560975,9367.857437560975,3443.377172537312,3443.377172537312,3443.377172537312,3443.377172537312,3443.377172537312,3443.377172537312,0.0,0.0,0.0,12811.234610098287
2020-01-19,9387.365169121951,12472.47968193001,15232.240436514927,9387.365169121951,9387.365169121951,4421.683407557185,4421.683407557185,4421.683407557185,4421.683407557185,4421.683407557185,4421.683407557185,0.0,0.0,0.0,13809.048576679135
2020-01-26,9406.872900682927,12925.180121144942,15816.695654063406,9406.872900682927,9406.872900682927,4942.259252974828,4942.259252974828,4942.259252974828,4942.259252974828,4942.259252974828,4942.259252974828,0.0,0.0,0.0,14349.132153657756
2020-02-02,9426.380632243903,13066.692181374621,15941.606736027685,9426.380632243903,9426.380632243903,5019.837425260734,5019.837425260734,5019.837425260734,5019.837425260734,5019.837425260734,5019.837425260734,0.0,0.0,0.0,14446.218057504637
2020-02-09,9445.888363804877,13042.638539810905,15844.000648554074,9445.888363804877,9445.888363804877,5009.893726169963,5009.893726169963,5009.893726169963,5009.893726169963,5009.893726169963,5009.893726169963,0.0,0.0,0.0,14455.78208997484
2020-02-16,9465.396095365853,13032.864885712528,15855.460137827877,9465.396095365853,9465.396095365853,4973.380291818301,4973.380291818301,4973.380291818301,4973.380291818301,4973.380291818301,4973.380291818301,0.0,0.0,0.0,14438.776387184154
2020-02-23,9484.90382692683,12496.598886113776,15317.399524402806,9484.90382692683,9484.90382692683,4460.581062161489,4460.581062161489,4460.581062161489,4460.581062161489,4460.581062161489,4460.581062161489,0.0,0.0,0.0,13945.484889088319
2020-03-01,9504.411558487804,11107.421293096171,13970.669119042297,9504.411558487804,9504.411558487804,3038.8583320775633,3038.8583320775633,3038.8583320775633,3038.8583320775633,3038.8583320775633,3038.8583320775633,0.0,0.0,0.0,12543.269890565367
2020-03-08,9523.91929004878,9047.496864809727,11905.26518748151,9523.91929004878,9523.91929004878,956.5875270476436,956.5875270476436,956.5875270476436,956.5875270476436,956.5875270476436,956.5875270476436,0.0,0.0,0.0,10480.506817096422
2020-03-15,9543.427021528923,7299.833620395091,10082.913329135608,9543.427021528923,9543.427021528923,-881.3450994021576,-881.3450994021576,-881.3450994021576,-881.3450994021576,-881.3450994021576,-881.3450994021576,0.0,0.0,0.0,8662.081922126767
2020-03-22,9562.934753009065,6443.649552228195,9367.854300181236,9562.934753009065,9562.934753009065,-1673.2787203066996,-1673.2787203066996,-1673.2787203066996,-1673.2787203066996,-1673.2787203066996,-1673.2787203066996,0.0,0.0,0.0,7889.656032702365
2020-03-29,9582.442484489207,6732.980509695889,9495.093242231926,9582.442484489207,9582.442484489207,-1415.38830292231,-1415.38830292231,-1415.38830292231,-1415.38830292231,-1415.38830292231,-1415.38830292231,0.0,0.0,0.0,8167.054181566898
2020-04-05,9601.95021596935,7332.334993083322,10292.849393435357,9601.95021596935,9601.95021596935,-814.5674120310089,-814.5674120310089,-814.5674120310089,-814.5674120310089,-814.5674120310089,-814.5674120310089,0.0,0.0,0.0,8787.38280393834
2020-04-12,9621.457947449491,7564.399893420841,10488.076162271273,9621.457947449491,9621.457947449491,-587.7224982600794,-587.7224982600794,-587.7224982600794,-587.7224982600794,-587.7224982600794,-587.7224982600794,0.0,0.0,0.0,9033.735449189411
2020-04-19,9640.965678929635,7227.157440203177,10196.198102555543,9640.965678929635,9640.965678929635,-935.4285275161835,-935.4285275161835,-935.4285275161835,-935.4285275161835,-935.4285275161835,-935.4285275161835,0.0,0.0,0.0,8705.537151413451
2020-04-26,9660.473410409777,6614.6833780129455,9471.927451370966,9660.473410409777,9660.473410409777,-1649.063409895231,-1649.063409895231,-1649.063409895231,-1649.063409895231,-1649.063409895231,-1649.063409895231,0.0,0.0,0.0,8011.4100005145465
2020-05-03,9679.981141889919,5841.904640652182,8608.958098550382,9679.981141889919,9679.981141889919,-2524.3313141536764,-2524.3313141536764,-2524.3313141536764,-2524.3313141536764,-2524.3313141536764,-2524.3313141536764,0.0,0.0,0.0,7155.6498277362425
2020-05-10,9699.48887337006,4739.305865554558,7683.524669250557,9699.48887337006,9699.48887337006,-3496.951915443026,-3496.951915443026,-3496.951915443026,-3496.951915443026,-3496.951915443026,-3496.951915443026,0.0,0.0,0.0,6202.5369579270355
2020-05-17,9718.996601546814,3898.7462044285685,6765.137165924044,9718.996601546814,9718.996601546814,-4426.112290480257,-4426.112290480257,-4426.112290480257,-4426.112290480257,-4426.112290480257,-4426.112290480257,0.0,0.0,0.0,5292.8843110665575
2020-05-24,9738.504329723566,3315.629696269033,6075.263796484125,9738.504329723566,9738.504329723566,-4981.411976327946,-4981.411976327946,-4981.411976327946,-4981.411976327946,-4981.411976327946,-4981.411976327946,0.0,0.0,0.0,4757.09235339562
2020-05-31,9758.01205790032,3411.3962751678546,6330.535085578452,9758.01205790032,9758.01205790032,-4925.7460213777495,-4925.7460213777495,-4925.7460213777495,-4925.7460213777495,-4925.7460213777495,-4925.7460213777495,0.0,0.0,0.0,4832.26603652257
2020-06-07,9777.519786077073,3770.9975740939394,6753.645987451081,9777.519786077073,9777.519786077073,-4474.589699834757,-4474.589699834757,-4474.589699834757,-4474.589699834757,-4474.589699834757,-4474.589699834757,0.0,0.0,0.0,5302.930086242316
2020-06-14,9797.027514253825,4057.7413815946306,6908.5088383474595,9797.027514253825,9797.027514253825,-4205.332897590977,-4205.332897590977,-4205.332897590977,-4205.332897590977,-4205.332897590977,-4205.332897590977,0.0,0.0,0.0,5591.694616662848
2020-06-21,9816.535242430578,3837.509172077124,6753.293285459358,9816.535242430578,9816.535242430578,-4510.2933759295,-4510.2933759295,-4510.2933759295,-4510.2933759295,-4510.2933759295,-4510.2933759295,0.0,0.0,0.0,5306.241866501078
2020-06-28,9836.04297060733,3201.47094186554,6159.079522774956,9836.04297060733,9836.04297060733,-5185.045384247447,-5185.045384247447,-5185.045384247447,-5185.045384247447,-5185.045384247447,-5185.045384247447,0.0,0.0,0.0,4650.997586359883
2020-07-05,9855.550698784084,2747.1558430566224,5548.238104202221,9855.550698784084,9855.550698784084,-5634.543036484934,-5634.543036484934,-5634.543036484934,-5634.543036484934,-5634.543036484934,-5634.543036484934,0.0,0.0,0.0,4221.007662299149
2020-07-12,9875.058426960835,2934.804645185776,5874.425564487828,9875.058426960835,9875.058426960835,-5466.00663103738,-5466.00663103738,-5466.00663103738,-5466.00663103738,-5466.00663103738,-5466.00663103738,0.0,0.0,0.0,4409.051795923455
2020-07-19,9894.566151085466,3753.2686517792645,6445.1091380170055,9894.566151085466,9894.566151085466,-4797.66659214361,-4797.66659214361,-4797.66659214361,-4797.66659214361,-4797.66659214361,-4797.66659214361,0.0,0.0,0.0,5096.899558941856
2020-07-26,9914.073875210099,4536.511397996401,7265.937730661857,9914.073875210099,9914.073875210099,-3987.6819393029855,-3987.6819393029855,-3987.6819393029855,-3987.6819393029855,-3987.6819393029855,-3987.6819393029855,0.0,0.0,0.0,5926.391935907113
2020-08-02,9933.58159933473,5227.933408420288,8070.276521523099,9933.58159933473,9933.58159933473,-3195.854851143915,-3195.854851143915,-3195.854851143915,-3195.854851143915,-3195.854851143915,-3195.854851143915,0.0,0.0,0.0,6737.726748190815
2020-08-09,9953.08932345936,6137.594364047433,9131.848849428821,9953.08932345936,9953.08932345936,-2343.0370752716003,-2343.0370752716003,-2343.0370752716003,-2343.0370752716003,-2343.0370752716003,-2343.0370752716003,0.0,0.0,0.0,7610.05224818776
2020-08-16,9972.597047583991,6990.456666286852,9930.78609269518,9972.597047583991,9972.597047583991,-1462.1130050113045,-1462.1130050113045,-1462.1130050113045,-1462.1130050113045,-1462.1130050113045,-1462.1130050113045,0.0,0.0,0.0,8510.484042572687
2020-08-23,9992.104771708624,7601.270060050793,10562.630018021231,9992.104771708624,9992.104771708624,-895.0569646849372,-895.0569646849372,-895.0569646849372,-895.0569646849372,-895.0569646849372,-895.0569646849372,0.0,0.0,0.0,9097.047807023686
2020-08-30,10011.612495833255,7629.110401446021,10355.479876623196,10011.612495833255,10011.612495833255,-984.7053586322037,-984.7053586322037,-984.7053586322037,-984.7053586322037,-984.7053586322037,-984.7053586322037,0.0,0.0,0.0,9026.907137201051
2020-09-06,10031.120219957887,6900.267384267514,9914.71007437593,10031.120219957887,10031.120219957887,-1589.4013093389992,-1589.4013093389992,-1589.4013093389992,-1589.4013093389992,-1589.4013093389992,-1589.4013093389992,0.0,0.0,0.0,8441.718910618889
2020-09-13,10050.627944082516,6525.311599696386,9316.806271335317,10050.627944082516,10050.627944082516,-2038.1686941483113,-2038.1686941483113,-2038.1686941483113,-2038.1686941483113,-2038.1686941483113,-2038.1686941483113,0.0,0.0,0.0,8012.459249934205
2020-09-20,10070.13566820715,6964.522618983751,9799.120657586116,10070.13566820715,10070.13566820715,-1659.5862297067226,-1659.5862297067226,-1659.5862297067226,-1659.5862297067226,-1659.5862297067226,-1659.5862297067226,0.0,0.0,0.0,8410.549438500426
2020-09-27,10089.643389461273,8309.468976779364,11143.056068495183,10089.643389461273,10089.643389461273,-350.07699210529046,-350.07699210529046,-350.07699210529046,-350.07699210529046,-350.07699210529046,-350.07699210529046,0.0,0.0,0.0,9739.566397355982
2020-10-04,10109.151110715395,9985.010679053943,12894.976182257406,10109.151110715395,10109.151110715395,1391.1705070687171,1391.1705070687171,1391.1705070687171,1391.1705070687171,1391.1705070687171,1391.1705070687171,0.0,0.0,0.0,11500.321617784111
2020-10-11,10128.658831969518,11621.070476378021,14534.447282513762,10128.658831969518,10128.658831969518,2923.6322996992003,2923.6322996992003,2923.6322996992003,2923.6322996992003,2923.6322996992003,2923.6322996992003,0.0,0.0,0.0,13052.291131668719
2020-10-18,10148.16655322364,12696.873752297677,15443.409588307703,10148.16655322364,10148.16655322364,3890.3473126317153,3890.3473126317153,3890.3473126317153,3890.3473126317153,3890.3473126317153,3890.3473126317153,0.0,0.0,0.0,14038.513865855355
2020-10-25,10167.674274477764,12974.683483184677,15984.526111932924,10167.674274477764,10167.674274477764,4250.392064512329,4250.392064512329,4250.392064512329,4250.392064512329,4250.392064512329,4250.392064512329,0.0,0.0,0.0,14418.066338990093
2020-11-01,10187.181995731888,12757.326066388838,15648.679291223592,10187.181995731888,10187.181995731888,4094.928234203003,4094.928234203003,4094.928234203003,4094.928234203003,4094.928234203003,4094.928234203003,0.0,0.0,0.0,14282.11022993489
2020-11-08,10206.68971698601,12357.713904556662,15240.05967680243,10206.68971698601,10206.68971698601,3593.216635585984,3593.216635585984,3593.216635585984,3593.216635585984,3593.216635585984,3593.216635585984,0.0,0.0,0.0,13799.906352571994
2020-11-15,10226.197438240133,11869.840434375155,14721.730166766221,10226.197438240133,10226.197438240133,3067.3974017666146,3067.3974017666146,3067.3974017666146,3067.3974017666146,3067.3974017666146,3067.3974017666146,0.0,0.0,0.0,13293.594840006748
2020-11-22,10245.705159494257,11691.08344229778,14599.02982160734,10245.705159494257,10245.705159494257,2898.3476850214765,2898.3476850214765,2898.3476850214765,2898.3476850214765,2898.3476850214765,2898.3476850214765,0.0,0.0,0.0,13144.052844515732
2020-11-29,10265.212877143429,12051.49318115246,14856.486913860914,10265.212877143429,10265.212877143429,3192.7594747058743,3192.7594747058743,3192.7594747058743,3192.7594747058743,3192.7594747058743,3192.7594747058743,0.0,0.0,0.0,13457.972351849303
2020-12-06,10284.720594792601,12481.165157235479,15359.145213245592,10284.720594792601,10284.720594792601,3588.8125565694963,3588.8125565694963,3588.8125565694963,3588.8125565694963,3588.8125565694963,3588.8125565694963,0.0,0.0,0.0,13873.533151362099
2020-12-13,10304.228312441774,12507.519003621557,15277.026568376668,10304.228312441774,10304.228312441774,3560.034433786098,3560.034433786098,3560.034433786098,3560.034433786098,3560.034433786098,3560.034433786098,0.0,0.0,0.0,13864.262746227872
2020-12-20,10323.736030090946,11914.998544730513,14726.177155112575,10323.736030090946,10323.736030090946,2996.602978267389,2996.602978267389,2996.602978267389,2996.602978267389,2996.602978267389,2996.602978267389,0.0,0.0,0.0,13320.339008358334
2020-12-27,10343.243747740118,11308.495767126378,14078.917245583936,10343.243747740118,10343.243747740118,2410.8872570101435,2410.8872570101435,2410.8872570101435,2410.8872570101435,2410.8872570101435,2410.8872570101435,0.0,0.0,0.0,12754.131004750261
2021-01-03,10362.751465389292,11389.226504639815,14239.378016847697,10362.751465389292,10362.751465389292,2458.2798248253207,2458.2798248253207,2458.2798248253207,2458.2798248253207,2458.2798248253207,2458.2798248253207,0.0,0.0,0.0,12821.031290214612
2021-01-10,10382.259183038463,12233.911989968812,15127.277766395404,10382.259183038463,10382.259183038463,3256.984217215221,3256.984217215221,3256.984217215221,3256.984217215221,3256.984217215221,3256.984217215221,0.0,0.0,0.0,13639.243400253683
2021-01-17,10401.766900687637,13310.79543725845,16191.243882304401,10401.766900687637,10401.766900687637,4270.963844694322,4270.963844694322,4270.963844694322,4270.963844694322,4270.963844694322,4270.963844694322,0.0,0.0,0.0,14672.73074538196
2021-01-24,10421.274618336807,13953.619022258536,16858.36248985287,10421.274618336807,10421.274618336807,4890.005677451957,4890.005677451957,4890.005677451957,4890.005677451957,4890.005677451957,4890.005677451957,0.0,0.0,0.0,15311.280295788765
2021-01-31,10440.782337444516,13929.590714162438,16892.86345076837,10440.782337444516,10440.782337444516,5022.2845855300075,5022.2845855300075,5022.2845855300075,5022.2845855300075,5022.2845855300075,5022.2845855300075,0.0,0.0,0.0,15463.066922974524
2021-02-07,10460.290056552227,13995.744167716244,16874.67409210435,10460.290056552227,10460.290056552227,5007.716839484071,5007.716839484071,5007.716839484071,5007.716839484071,5007.716839484071,5007.716839484071,0.0,0.0,0.0,15468.006896036299
2021-02-14,10479.797775659934,13951.66231297201,16853.733196727317,10479.797775659934,10479.797775659934,4997.529008176192,4997.529008176192,4997.529008176192,4997.529008176192,4997.529008176192,4997.529008176192,0.0,0.0,0.0,15477.326783836126
2021-02-21,10499.305494767643,13790.503979130368,16591.43610867903,10499.305494767643,10499.305494767643,4612.581459036667,4612.581459036667,4612.581459036667,4612.581459036667,4612.581459036667,4612.581459036667,0.0,0.0,0.0,15111.88695380431
2021-02-28,10518.813213875352,12385.61599369242,15326.925280602065,10518.813213875352,10518.813213875352,3359.6625481821543,3359.6625481821543,3359.6625481821543,3359.6625481821543,3359.6625481821543,3359.6625481821543,0.0,0.0,0.0,13878.475762057506
2021-03-07,10538.320932983062,10405.592616434504,13274.120089284588,10538.320932983062,10538.320932983062,1340.6395844342262,1340.6395844342262,1340.6395844342262,1340.6395844342262,1340.6395844342262,1340.6395844342262,0.0,0.0,0.0,11878.960517417288
2021-03-14,10557.828652090771,8636.12777264768,11348.666129930663,10557.828652090771,10557.828652090771,-614.8975453169951,-614.8975453169951,-614.8975453169951,-614.8975453169951,-614.8975453169951,-614.8975453169951,0.0,0.0,0.0,9942.931106773776
2021-03-21,10577.336371198478,7572.428421098444,10413.706857977408,10577.336371198478,10577.336371198478,-1621.0146876685938,-1621.0146876685938,-1621.0146876685938,-1621.0146876685938,-1621.0146876685938,-1621.0146876685938,0.0,0.0,0.0,8956.321683529884
2021-03-28,10596.844090306187,7635.52426510758,10401.722109185344,10596.844090306187,10596.844090306187,-1511.6625320987944,-1511.6625320987944,-1511.6625320987944,-1511.6625320987944,-1511.6625320987944,-1511.6625320987944,0.0,0.0,0.0,9085.181558207392
2021-04-04,10616.351807430454,8299.792242278974,11069.941669898533,10616.351807430454,10616.351807430454,-909.7026030653728,-909.7026030653728,-909.7026030653728,-909.7026030653728,-909.7026030653728,-909.7026030653728,0.0,0.0,0.0,9706.649204365081
2021-04-11,10635.859524554717,8599.024874562847,11371.98029573346,10635.859524554717,10635.859524554717,-584.2668684329803,-584.2668684329803,-584.2668684329803,-584.2668684329803,-584.2668684329803,-584.2668684329803,0.0,0.0,0.0,10051.592656121737
2021-04-18,10655.367241678981,8476.59877857285,11222.230883552174,10655.367241678981,10655.367241678981,-838.3608359261673,-838.3608359261673,-838.3608359261673,-838.3608359261673,-838.3608359261673,-838.3608359261673,0.0,0.0,0.0,9817.006405752814
2021-04-25,10674.874958803244,7738.340101342449,10660.486031835046,10674.874958803244,10674.874958803244,-1506.2453396411563,-1506.2453396411563,-1506.2453396411563,-1506.2453396411563,-1506.2453396411563,-1506.2453396411563,0.0,0.0,0.0,9168.629619162088
2021-05-02,10694.382675927509,6994.665621418334,9787.721686398587,10694.382675927509,10694.382675927509,-2359.683393585665,-2359.683393585665,-2359.683393585665,-2359.683393585665,-2359.683393585665,-2359.683393585665,0.0,0.0,0.0,8334.699282341844
2021-05-09,10713.890393051774,6010.434689142622,8932.238396908537,10713.890393051774,10713.890393051774,-3319.50915722809,-3319.50915722809,-3319.50915722809,-3319.50915722809,-3319.50915722809,-3319.50915722809,0.0,0.0,0.0,7394.381235823684
2021-05-16,10733.398110176038,5073.474317710172,7854.428018873801,10733.398110176038,10733.398110176038,-4276.764124023687,-4276.764124023687,-4276.764124023687,-4276.764124023687,-4276.764124023687,-4276.764124023687,0.0,0.0,0.0,6456.633986152351
2021-05-23,10752.905827300301,4292.831170051861,7133.244689823405,10752.905827300301,10752.905827300301,-4924.821288184028,-4924.821288184028,-4924.821288184028,-4924.821288184028,-4924.821288184028,-4924.821288184028,0.0,0.0,0.0,5828.084539116273
2021-05-30,10772.413544424566,4357.627773342253,7161.861529106901,10772.413544424566,10772.413544424566,-4977.847881136655,-4977.847881136655,-4977.847881136655,-4977.847881136655,-4977.847881136655,-4977.847881136655,0.0,0.0,0.0,5794.565663287911
2021-06-06,10791.921261503976,4774.938183587552,7688.795223738797,10791.921261503976,10791.921261503976,-4559.693189104379,-4559.693189104379,-4559.693189104379,-4559.693189104379,-4559.693189104379,-4559.693189104379,0.0,0.0,0.0,6232.228072399597
2021-06-13,10811.428978583386,5136.1623458844715,8177.031313409032,10811.428978583386,10811.428978583386,-4215.709960699415,-4215.709960699415,-4215.709960699415,-4215.709960699415,-4215.709960699415,-4215.709960699415,0.0,0.0,0.0,6595.719017883971
2021-06-20,10830.936695662796,4880.890002999119,7786.084405099196,10830.936695662796,10830.936695662796,-4414.740176974836,-4414.740176974836,-4414.740176974836,-4414.740176974836,-4414.740176974836,-4414.740176974836,0.0,0.0,0.0,6416.196518687961
2021-06-27,10850.444412742205,4348.037457052883,7162.2869377097495,10850.444412742205,10850.444412742205,-5063.136852972322,-5063.136852972322,-5063.136852972322,-5063.136852972322,-5063.136852972322,-5063.136852972322,0.0,0.0,0.0,5787.307559769883
2021-07-04,10869.952129821615,3878.993439502082,6714.794076940315,10869.952129821615,10869.952129821615,-5594.874952388841,-5594.874952388841,-5594.874952388841,-5594.874952388841,-5594.874952388841,-5594.874952388841,0.0,0.0,0.0,5275.077177432774
2021-07-11,10889.459846901025,3756.7793569979217,6683.678834533957,10889.459846901025,10889.459846901025,-5542.148905886723,-5542.148905886723,-5542.148905886723,-5542.148905886723,-5542.148905886723,-5542.148905886723,0.0,0.0,0.0,5347.310941014302
2021-07-18,10908.967563980435,4459.690468453862,7332.311888743144,10908.967563980435,10908.967563980435,-4937.047888929521,-4937.047888929521,-4937.047888929521,-4937.047888929521,-4937.047888929521,-4937.047888929521,0.0,0.0,0.0,5971.9196750509145
2021-07-25,10928.475281059846,5438.881812072443,8223.762440040675,10928.475281059846,10928.475281059846,-4131.174023160532,-4131.174023160532,-4131.174023160532,-4131.174023160532,-4131.174023160532,-4131.174023160532,0.0,0.0,0.0,6797.301257899314
2021-08-01,10947.982998139254,6191.804165452198,9069.665747802677,10947.982998139254,10947.982998139254,-3338.5343672393506,-3338.5343672393506,-3338.5343672393506,-3338.5343672393506,-3338.5343672393506,-3338.5343672393506,0.0,0.0,0.0,7609.448630899904
2021-08-08,10967.490707642499,7067.347806485061,9889.374840825638,10967.490707642499,10967.490707642499,-2502.565026072082,-2502.565026072082,-2502.565026072082,-2502.565026072082,-2502.565026072082,-2502.565026072082,0.0,0.0,0.0,8464.925681570418
2021-08-15,10986.998417145745,8014.956906241778,10792.990169545983,10986.998417145745,10986.998417145745,-1609.2924856730879,-1609.2924856730879,-1609.2924856730879,-1609.2924856730879,-1609.2924856730879,-1609.2924856730879,0.0,0.0,0.0,9377.705931472658
2021-08-22,11006.506126648992,8626.878455787002,11364.66405564434,11006.506126648992,11006.506126648992,-953.921483441103,-953.921483441103,-953.921483441103,-953.921483441103,-953.921483441103,-953.921483441103,0.0,0.0,0.0,10052.584643207889
2021-08-29,11026.013836152239,8590.966694671552,11383.488183421521,11026.013836152239,11026.013836152239,-918.3026562842399,-918.3026562842399,-918.3026562842399,-918.3026562842399,-918.3026562842399,-918.3026562842399,0.0,0.0,0.0,10107.711179867998
2021-09-05,11045.521545655483,8194.099823432494,10963.140567902738,11045.521545655483,11045.521545655483,-1469.4719899862419,-1469.4719899862419,-1469.4719899862419,-1469.4719899862419,-1469.4719899862419,-1469.4719899862419,0.0,0.0,0.0,9576.049555669242
2021-09-12,11065.02925515873,7657.726140221427,10530.524483858291,11065.02925515873,11065.02925515873,-2004.5555930320254,-2004.5555930320254,-2004.5555930320254,-2004.5555930320254,-2004.5555930320254,-2004.5555930320254,0.0,0.0,0.0,9060.473662126704
2021-09-19,11084.536964661977,7809.3684708483925,10780.909770109689,11084.536964661977,11084.536964661977,-1802.0103288080686,-1802.0103288080686,-1802.0103288080686,-1802.0103288080686,-1802.0103288080686,-1802.0103288080686,0.0,0.0,0.0,9282.526635853908
2021-09-26,11104.044674165223,8953.064766070102,11847.881901269546,11104.044674165223,11104.044674165223,-635.10371748519,-635.10371748519,-635.10371748519,-635.10371748519,-635.10371748519,-635.10371748519,0.0,0.0,0.0,10468.940956680033
2021-10-03,11123.552383668468,10757.003471048489,13592.817018417725,11123.552383668468,11123.552383668468,1079.317449265927,1079.317449265927,1079.317449265927,1079.317449265927,1079.317449265927,1079.317449265927,0.0,0.0,0.0,12202.869832934395
2021-10-10,11143.060093171714,12415.812369012694,15285.923265873069,11143.060093171714,11143.060093171714,2686.21898850858,2686.21898850858,2686.21898850858,2686.21898850858,2686.21898850858,2686.21898850858,0.0,0.0,0.0,13829.279081680295
2021-10-17,11162.56778449867,13710.060241162075,16472.62665514329,11162.56778449867,11162.56778449867,3763.785229809206,3763.785229809206,3763.785229809206,3763.785229809206,3763.785229809206,3763.785229809206,0.0,0.0,0.0,14926.353014307875
2021-10-24,11182.075475825623,13962.93137548635,16841.53273358343,11182.075475825623,11182.075475825623,4227.231976260688,4227.231976260688,4227.231976260688,4227.231976260688,4227.231976260688,4227.231976260688,0.0,0.0,0.0,15409.30745208631
2021-10-31,11201.583167152576,14056.809543722118,16747.14787667904,11201.583167152576,11201.583167152576,4154.607531748576,4154.607531748576,4154.607531748576,4154.607531748576,4154.607531748576,4154.607531748576,0.0,0.0,0.0,15356.190698901151
2021-11-07,11221.090858479527,13518.838723327246,16422.782944105787,11221.090858479527,11221.090858479527,3696.020719680786,3696.020719680786,3696.020719680786,3696.020719680786,3696.020719680786,3696.020719680786,0.0,0.0,0.0,14917.111578160313
2021-11-14,11240.59854980648,12948.710235190285,15734.585308232807,11240.59854980648,11240.59854980648,3144.6854054947653,3144.6854054947653,3144.6854054947653,3144.6854054947653,3144.6854054947653,3144.6854054947653,0.0,0.0,0.0,14385.283955301245
2021-11-21,11260.106241133433,12743.204493016387,15565.245102541548,11260.106241133433,11260.106241133433,2891.437915992107,2891.437915992107,2891.437915992107,2891.437915992107,2891.437915992107,2891.437915992107,0.0,0.0,0.0,14151.54415712554
2021-11-28,11279.613932460386,12899.378627083981,15747.010330841926,11279.613932460386,11279.613932460386,3116.9766421684712,3116.9766421684712,3116.9766421684712,3116.9766421684712,3116.9766421684712,3116.9766421684712,0.0,0.0,0.0,14396.590574628857
2021-12-05,11299.121623787338,13470.617262873266,16217.534343354107,11299.121623787338,11299.121623787338,3536.396772417454,3536.396772417454,3536.396772417454,3536.396772417454,3536.396772417454,3536.396772417454,0.0,0.0,0.0,14835.518396204792
2021-12-12,11318.629315114293,13482.959201205023,16400.48660362892,11318.629315114293,11318.629315114293,3610.1330171529157,3610.1330171529157,3610.1330171529157,3610.1330171529157,3610.1330171529157,3610.1330171529157,0.0,0.0,0.0,14928.762332267208
2021-12-19,11338.065008818441,12992.562617112968,15816.01813922076,11338.065008818441,11338.065008818441,3119.785017550362,3119.785017550362,3119.785017550362,3119.785017550362,3119.785017550362,3119.785017550362,0.0,0.0,0.0,14457.850026368804
2021-12-26,11357.500702522588,12451.463064872787,15251.291138377215,11357.500702522588,11357.500702522588,2484.0363252498964,2484.0363252498964,2484.0363252498964,2484.0363252498964,2484.0363252498964,2484.0363252498964,0.0,0.0,0.0,13841.537027772483
2022-01-02,11376.936396226738,12310.59541588611,15157.035460158855,11376.936396226738,11376.936396226738,2387.911187861939,2387.911187861939,2387.911187861939,2387.911187861939,2387.911187861939,2387.911187861939,0.0,0.0,0.0,13764.847584088677
2022-01-09,11396.372089930885,13052.119280568899,15824.691630211662,11396.372089930885,11396.372089930885,3077.6519119038767,3077.6519119038767,3077.6519119038767,3077.6519119038767,3077.6519119038767,3077.6519119038767,0.0,0.0,0.0,14474.024001834761
2022-01-16,11415.807783635035,14177.775344157319,17028.58435368317,11415.807783635035,11415.807783635035,4106.027484367927,4106.027484367927,4106.027484367927,4106.027484367927,4106.027484367927,4106.027484367927,0.0,0.0,0.0,15521.835268002962
2022-01-23,11435.243477339181,14724.403589814588,17686.532483596442,11435.243477339181,11435.243477339181,4820.891091857346,4820.891091857346,4820.891091857346,4820.891091857346,4820.891091857346,4820.891091857346,0.0,0.0,0.0,16256.134569196527
2022-01-30,11454.67917104333,14963.771334144027,17954.48024312855,11454.67917104333,11454.67917104333,5020.652437393587,5020.652437393587,5020.652437393587,5020.652437393587,5020.652437393587,5020.652437393587,0.0,0.0,0.0,16475.331608436918
2022-02-06,11474.114864747478,15071.788400295161,17905.310192801375,11474.114864747478,11474.114864747478,5007.367949109328,5007.367949109328,5007.367949109328,5007.367949109328,5007.367949109328,5007.367949109328,0.0,0.0,0.0,16481.482813856805
2022-02-13,11493.550558451627,15071.69827940742,17883.940089339176,11493.550558451627,11493.550558451627,5010.149022031103,5010.149022031103,5010.149022031103,5010.149022031103,5010.149022031103,5010.149022031103,0.0,0.0,0.0,16503.69958048273
2022-02-20,11512.852724234415,14782.786085040188,17663.744357037624,11512.852724234415,11512.852724234415,4735.132541151686,4735.132541151686,4735.132541151686,4735.132541151686,4735.132541151686,4735.132541151686,0.0,0.0,0.0,16247.985265386102
2022-02-27,11532.154890017204,13757.859194602617,16602.78163952571,11532.154890017204,11532.154890017204,3653.8273697293507,3653.8273697293507,3653.8273697293507,3653.8273697293507,3653.8273697293507,3653.8273697293507,0.0,0.0,0.0,15185.982259746554
2022-03-06,11551.457055799994,11893.714909282166,14694.099540716557,11551.457055799994,11551.457055799994,1726.5280373016676,1726.5280373016676,1726.5280373016676,1726.5280373016676,1726.5280373016676,1726.5280373016676,0.0,0.0,0.0,13277.985093101663
2022-03-13,11570.759221582784,9875.379299316684,12534.644364601414,11570.759221582784,11570.759221582784,-316.0260292412784,-316.0260292412784,-316.0260292412784,-316.0260292412784,-316.0260292412784,-316.0260292412784,0.0,0.0,0.0,11254.733192341506
2022-03-20,11590.061387365573,8704.266135465148,11483.722966012303,11590.061387365573,11590.061387365573,-1530.8578529488461,-1530.8578529488461,-1530.8578529488461,-1530.8578529488461,-1530.8578529488461,-1530.8578529488461,0.0,0.0,0.0,10059.203534416727
2022-03-27,11609.363553148363,8573.100286190675,11367.947592067716,11609.363553148363,11609.363553148363,-1591.875354636077,-1591.875354636077,-1591.875354636077,-1591.875354636077,-1591.875354636077,-1591.875354636077,0.0,0.0,0.0,10017.488198512287
2022-04-03,11628.66571893115,9308.294913272302,12073.413738762478,11628.66571893115,11628.66571893115,-1015.1174368724544,-1015.1174368724544,-1015.1174368724544,-1015.1174368724544,-1015.1174368724544,-1015.1174368724544,0.0,0.0,0.0,10613.548282058695
2022-04-10,11647.96788471394,9656.897327740422,12460.270686558624,11647.96788471394,11647.96788471394,-600.6634440933327,-600.6634440933327,-600.6634440933327,-600.6634440933327,-600.6634440933327,-600.6634440933327,0.0,0.0,0.0,11047.304440620608
2022-04-17,11667.270050496729,9509.722839724325,12312.99307919918,11667.270050496729,11667.270050496729,-754.5521595317398,-754.5521595317398,-754.5521595317398,-754.5521595317398,-754.5521595317398,-754.5521595317398,0.0,0.0,0.0,10912.717890964988
2022-04-24,11686.448409148754,8913.711105495831,11684.298761822247,11686.448409148754,11686.448409148754,-1368.7847922326382,-1368.7847922326382,-1368.7847922326382,-1368.7847922326382,-1368.7847922326382,-1368.7847922326382,0.0,0.0,0.0,10317.663616916116
2022-05-01,11705.626767800775,8048.8861515948565,10922.573657499874,11705.626767800775,11705.626767800775,-2198.5105782280693,-2198.5105782280693,-2198.5105782280693,-2198.5105782280693,-2198.5105782280693,-2198.5105782280693,0.0,0.0,0.0,9507.116189572705
2022-05-08,11724.805126452799,7165.625474525233,10145.246418668165,11724.805126452799,11724.805126452799,-3142.6673331912107,-3142.6673331912107,-3142.6673331912107,-3142.6673331912107,-3142.6673331912107,-3142.6673331912107,0.0,0.0,0.0,8582.137793261587
2022-05-15,11743.98348510482,6079.278372815694,8947.840400069794,11743.98348510482,11743.98348510482,-4117.5852190445175,-4117.5852190445175,-4117.5852190445175,-4117.5852190445175,-4117.5852190445175,-4117.5852190445175,0.0,0.0,0.0,7626.398266060302
2022-05-22,11763.161843756841,5453.999073987509,8295.640737938851,11763.161843756841,11763.161843756841,-4848.04507225473,-4848.04507225473,-4848.04507225473,-4848.04507225473,-4848.04507225473,-4848.04507225473,0.0,0.0,0.0,6915.116771502111
2022-05-29,11782.340202408866,5378.363938267664,8181.308670215326,11782.340202408866,11782.340202408866,-5013.620342797166,-5013.620342797166,-5013.620342797166,-5013.620342797166,-5013.620342797166,-5013.620342797166,0.0,0.0,0.0,6768.7198596117005
2022-06-05,11801.51856106089,5667.054902071759,8504.253806606728,11801.51856106089,11801.51856106089,-4647.359269613001,-4647.359269613001,-4647.359269613001,-4647.359269613001,-4647.359269613001,-4647.359269613001,0.0,0.0,0.0,7154.159291447889
2022-06-12,11820.696919712911,6305.840059478707,8996.788954665906,11820.696919712911,11820.696919712911,-4245.091843547589,-4245.091843547589,-4245.091843547589,-4245.091843547589,-4245.091843547589,-4245.091843547589,0.0,0.0,0.0,7575.605076165322
2022-06-19,11839.875278364932,6085.657137018104,9005.47041607734,11839.875278364932,11839.875278364932,-4334.933921027259,-4334.933921027259,-4334.933921027259,-4334.933921027259,-4334.933921027259,-4334.933921027259,0.0,0.0,0.0,7504.941357337673
2022-06-26,11858.835399863716,5515.2733337150585,8338.739029596807,11858.835399863716,11858.835399863716,-4937.181359927756,-4937.181359927756,-4937.181359927756,-4937.181359927756,-4937.181359927756,-4937.181359927756,0.0,0.0,0.0,6921.65403993596
2022-07-03,11877.795521362497,4926.9880524832115,7612.512080724416,11877.795521362497,11877.795521362497,-5535.03481135895,-5535.03481135895,-5535.03481135895,-5535.03481135895,-5535.03481135895,-5535.03481135895,0.0,0.0,0.0,6342.7607100035475
2022-07-10,11896.75564286128,4973.012981586922,7732.742901411568,11896.75564286128,11896.75564286128,-5599.740479595856,-5599.740479595856,-5599.740479595856,-5599.740479595856,-5599.740479595856,-5599.740479595856,0.0,0.0,0.0,6297.015163265424
2022-07-17,11915.715764360064,5438.056032459798,8328.526496367633,11915.715764360064,11915.715764360064,-5070.525564703046,-5070.525564703046,-5070.525564703046,-5070.525564703046,-5070.525564703046,-5070.525564703046,0.0,0.0,0.0,6845.190199657018
2022-07-24,11934.675885858846,6292.771721436613,9078.41547024361,11934.675885858846,11934.675885858846,-4275.979746736187,-4275.979746736187,-4275.979746736187,-4275.979746736187,-4275.979746736187,-4275.979746736187,0.0,0.0,0.0,7658.696139122659
2022-07-31,11953.636007357629,7013.672425944198,9850.38341769369,11953.636007357629,11953.636007357629,-3479.7032292058902,-3479.7032292058902,-3479.7032292058902,-3479.7032292058902,-3479.7032292058902,-3479.7032292058902,0.0,0.0,0.0,8473.932778151739
2022-08-07,11972.59612885641,7897.46433705579,10826.603007889518,11972.59612885641,11972.59612885641,-2659.257548243954,-2659.257548243954,-2659.257548243954,-2659.257548243954,-2659.257548243954,-2659.257548243954,0.0,0.0,0.0,9313.338580612457
2022-08-14,11991.556250355194,8760.032109940923,11662.053479578959,11991.556250355194,11991.556250355194,-1763.7107494165,-1763.7107494165,-1763.7107494165,-1763.7107494165,-1763.7107494165,-1763.7107494165,0.0,0.0,0.0,10227.845500938694
2022-08-21,12010.516371853975,9609.577262202241,12503.489210944861,12010.516371853975,12010.516371853975,-1033.7590903010787,-1033.7590903010787,-1033.7590903010787,-1033.7590903010787,-1033.7590903010787,-1033.7590903010787,0.0,0.0,0.0,10976.757281552897
2022-08-28,12029.349229540561,9680.536333814187,12698.447961676773,12029.349229540561,12029.349229540561,-872.3330990984429,-872.3330990984429,-872.3330990984429,-872.3330990984429,-872.3330990984429,-872.3330990984429,0.0,0.0,0.0,11157.016130442118
2022-09-04,12048.18208722715,9245.551399477947,12014.958765883222,12048.18208722715,12048.18208722715,-1349.4026308079765,-1349.4026308079765,-1349.4026308079765,-1349.4026308079765,-1349.4026308079765,-1349.4026308079765,0.0,0.0,0.0,10698.779456419172
2022-09-11,12067.014944913735,8635.959989645205,11539.709736600165,12067.014944913735,12067.014944913735,-1945.952027388163,-1945.952027388163,-1945.952027388163,-1945.952027388163,-1945.952027388163,-1945.952027388163,0.0,0.0,0.0,10121.062917525573
2022-09-18,12085.847802600321,8782.129445449567,11687.719822378542,12085.847802600321,12085.847802600321,-1911.7988821685874,-1911.7988821685874,-1911.7988821685874,-1911.7988821685874,-1911.7988821685874,-1911.7988821685874,0.0,0.0,0.0,10174.048920431735
2022-09-25,12104.680660286911,9782.140446128029,12577.233310095004,12104.680660286911,12104.680660286911,-902.0414862161679,-902.0414862161679,-902.0414862161679,-902.0414862161679,-902.0414862161679,-902.0414862161679,0.0,0.0,0.0,11202.639174070744
2022-10-02,12123.513517973497,11552.185764252388,14323.27175828666,12123.513517973497,12123.513517973497,763.2728817648459,763.2728817648459,763.2728817648459,763.2728817648459,763.2728817648459,763.2728817648459,0.0,0.0,0.0,12886.786399738343
2022-10-09,12142.346375660083,13206.42585145569,15989.452564478677,12142.346375660083,12142.346375660083,2430.94606932205,2430.94606932205,2430.94606932205,2430.94606932205,2430.94606932205,2430.94606932205,0.0,0.0,0.0,14573.292444982133
2022-10-16,12161.179233346673,14357.364755419268,17187.932401047703,12161.179233346673,12161.179233346673,3617.2715885406787,3617.2715885406787,3617.2715885406787,3617.2715885406787,3617.2715885406787,3617.2715885406787,0.0,0.0,0.0,15778.450821887353
2022-10-23,12180.012091033259,14908.573943955567,17808.61669620122,12180.012091033259,12180.012091033259,4186.874372139604,4186.874372139604,4186.874372139604,4186.874372139604,4186.874372139604,4186.874372139604,0.0,0.0,0.0,16366.886463172863
2022-10-30,12198.844948719845,14983.21445982645,17776.124937363995,12198.844948719845,12198.844948719845,4201.56229041081,4201.56229041081,4201.56229041081,4201.56229041081,4201.56229041081,4201.56229041081,0.0,0.0,0.0,16400.407239130654
2022-11-06,12217.54357951051,14621.185276711722,17440.41383008768,12217.54357951051,12217.54357951051,3795.4927318211635,3795.4927318211635,3795.4927318211635,3795.4927318211635,3795.4927318211635,3795.4927318211635,0.0,0.0,0.0,16013.036311331673
2022-11-13,12236.242210301172,14015.31950445243,16993.72258796205,12236.242210301172,12236.242210301172,3232.0281637043477,3232.0281637043477,3232.0281637043477,3232.0281637043477,3232.0281637043477,3232.0281637043477,0.0,0.0,0.0,15468.27037400552
2022-11-20,12254.940841091839,13640.906315092803,16519.572700005447,12254.940841091839,12254.940841091839,2901.187846689633,2901.187846689633,2901.187846689633,2901.187846689633,2901.187846689633,2901.187846689633,0.0,0.0,0.0,15156.128687781471
2022-11-27,12273.6394718825,13951.49937817159,16646.01535892146,12273.6394718825,12273.6394718825,3048.1935758286454,3048.1935758286454,3048.1935758286454,3048.1935758286454,3048.1935758286454,3048.1935758286454,0.0,0.0,0.0,15321.833047711145
2022-12-04,12292.338102673166,14262.01183034788,17150.419059814736,12292.338102673166,12292.338102673166,3472.030947239685,3472.030947239685,3472.030947239685,3472.030947239685,3472.030947239685,3472.030947239685,0.0,0.0,0.0,15764.36904991285
2022-12-11,12311.036733463827,14553.560847116325,17344.25508804202,12311.036733463827,12311.036733463827,3640.3174288460405,3640.3174288460405,3640.3174288460405,3640.3174288460405,3640.3174288460405,3640.3174288460405,0.0,0.0,0.0,15951.354162309868
2022-12-18,12329.735364254493,14033.05041303101,16999.65746004034,12329.735364254493,12329.735364254493,3237.5005015998886,3237.5005015998886,3237.5005015998886,3237.5005015998886,3237.5005015998886,3237.5005015998886,0.0,0.0,0.0,15567.235865854382
2022-12-25,12348.433995045154,13416.956625825344,16348.663575002829,12348.433995045154,12348.433995045154,2575.7084245466253,2575.7084245466253,2575.7084245466253,2575.7084245466253,2575.7084245466253,2575.7084245466253,0.0,0.0,0.0,14924.142419591779
2023-01-01,12367.13262583582,13282.639093137246,16103.230362665363,12367.13262583582,12367.13262583582,2344.699690455661,2344.699690455661,2344.699690455661,2344.699690455661,2344.699690455661,2344.699690455661,0.0,0.0,0.0,14711.832316291482
2023-01-08,12385.670041385854,13829.851066132513,16802.79359668683,12385.670041385854,12385.670041385854,2909.7157870135793,2909.7157870135793,2909.7157870135793,2909.7157870135793,2909.7157870135793,2909.7157870135793,0.0,0.0,0.0,15295.385828399434
2023-01-15,12404.207456935894,14760.69776216759,17740.07766509785,12404.207456935894,12404.207456935894,3929.678191735642,3929.678191735642,3929.678191735642,3929.678191735642,3929.678191735642,3929.678191735642,0.0,0.0,0.0,16333.885648671536
2023-01-22,12422.74487248593,15777.003660726603,18561.36150336534,12422.74487248593,12422.74487248593,4733.786112035039,4733.786112035039,4733.786112035039,4733.786112035039,4733.786112035039,4733.786112035039,0.0,0.0,0.0,17156.53098452097
2023-01-29,12441.282288035965,16012.103898257425,18901.36405682473,12441.282288035965,12441.282288035965,5012.467253205841,5012.467253205841,5012.467253205841,5012.467253205841,5012.467253205841,5012.467253205841,0.0,0.0,0.0,17453.749541241807
2023-02-05,12459.819703586003,16046.66543498611,18947.55100362819,12459.819703586003,12459.819703586003,5009.191911117219,5009.191911117219,5009.191911117219,5009.191911117219,5009.191911117219,5009.191911117219,0.0,0.0,0.0,17469.011614703224
2023-02-12,12478.357119136039,16004.65183582462,18879.033291462085,12478.357119136039,12478.357119136039,5014.702580389437,5014.702580389437,5014.702580389437,5014.702580389437,5014.702580389437,5014.702580389437,0.0,0.0,0.0,17493.059699525475
2023-02-19,12496.894534686076,15829.571549822727,18709.913042917422,12496.894534686076,12496.894534686076,4830.531915569994,4830.531915569994,4830.531915569994,4830.531915569994,4830.531915569994,4830.531915569994,0.0,0.0,0.0,17327.42645025607
2023-02-26,12515.431950236112,15077.03640926772,17853.473677499824,12515.431950236112,12515.431950236112,3918.680321444558,3918.680321444558,3918.680321444558,3918.680321444558,3918.680321444558,3918.680321444558,0.0,0.0,0.0,16434.11227168067
2023-03-05,12533.96936578615,13272.488116049013,16120.534578578165,12533.96936578615,12533.96936578615,2108.082223940395,2108.082223940395,2108.082223940395,2108.082223940395,2108.082223940395,2108.082223940395,0.0,0.0,0.0,14642.051589726545
2023-03-12,12552.477762218168,11250.873420150643,13928.778191867266,12552.477762218168,12552.477762218168,11.080927634560462,11.080927634560462,11.080927634560462,11.080927634560462,11.080927634560462,11.080927634560462,0.0,0.0,0.0,12563.558689852729
2023-03-19,12570.986158650183,9661.154719244569,12496.080467537613,12570.986158650183,12570.986158650183,-1401.417272259475,-1401.417272259475,-1401.417272259475,-1401.417272259475,-1401.417272259475,-1401.417272259475,0.0,0.0,0.0,11169.568886390707
2023-03-26,12589.494555082198,9627.494796475898,12429.680313071562,12589.494555082198,12589.494555082198,-1650.979757889581,-1650.979757889581,-1650.979757889581,-1650.979757889581,-1650.979757889581,-1650.979757889581,0.0,0.0,0.0,10938.514797192616
2023-04-02,12608.002951514214,10140.526030860055,12863.2790938992,12608.002951514214,12608.002951514214,-1126.963965156686,-1126.963965156686,-1126.963965156686,-1126.963965156686,-1126.963965156686,-1126.963965156686,0.0,0.0,0.0,11481.038986357527
2023-04-09,12626.511347946229,10574.782604473257,13309.096613200518,12626.511347946229,12626.511347946229,-636.7114555824683,-636.7114555824683,-636.7114555824683,-636.7114555824683,-636.7114555824683,-636.7114555824683,0.0,0.0,0.0,11989.79989236376
2023-04-16,12645.019744378244,10567.433032810137,13360.472944961095,12645.019744378244,12645.019744378244,-685.720438434791,-685.720438434791,-685.720438434791,-685.720438434791,-685.720438434791,-685.720438434791,0.0,0.0,0.0,11959.299305943452
2023-04-23,12663.528140810262,9945.715909358418,12868.279202109092,12663.528140810262,12663.528140810262,-1237.6415459164548,-1237.6415459164548,-1237.6415459164548,-1237.6415459164548,-1237.6415459164548,-1237.6415459164548,0.0,0.0,0.0,11425.886594893807
2023-04-30,12682.036537242277,9199.667273780002,12002.019806238251,12682.036537242277,12682.036537242277,-2040.906075861207,-2040.906075861207,-2040.906075861207,-2040.906075861207,-2040.906075861207,-2040.906075861207,0.0,0.0,0.0,10641.13046138107
2023-05-07,12700.544933674291,8252.257399267366,11224.55009711396,12700.544933674291,12700.544933674291,-2967.459382023091,-2967.459382023091,-2967.459382023091,-2967.459382023091,-2967.459382023091,-2967.459382023091,0.0,0.0,0.0,9733.0855516512
2023-05-14,12718.99353902941,7434.7997105806735,10197.199885661379,12718.99353902941,12718.99353902941,-3950.845318621428,-3950.845318621428,-3950.845318621428,-3950.845318621428,-3950.845318621428,-3950.845318621428,0.0,0.0,0.0,8768.148220407982
2023-05-21,12737.442144384531,6655.038360897702,9326.044494817585,12737.442144384531,12737.442144384531,-4752.227916582042,-4752.227916582042,-4752.227916582042,-4752.227916582042,-4752.227916582042,-4752.227916582042,0.0,0.0,0.0,7985.214227802489
2023-05-28,12755.890749739652,6297.769413832358,9158.644841466177,12755.890749739652,12755.890749739652,-5031.011102536215,-5031.011102536215,-5031.011102536215,-5031.011102536215,-5031.011102536215,-5031.011102536215,0.0,0.0,0.0,7724.879647203437
2023-06-04,12774.339355094773,6522.433152664998,9418.221200824002,12774.339355094773,12774.339355094773,-4733.742865053354,-4733.742865053354,-4733.742865053354,-4733.742865053354,-4733.742865053354,-4733.742865053354,0.0,0.0,0.0,8040.596490041419
2023-06-11,12792.787960449892,7118.2028075217795,9891.25802367184,12792.787960449892,12792.787960449892,-4291.686602044806,-4291.686602044806,-4291.686602044806,-4291.686602044806,-4291.686602044806,-4291.686602044806,0.0,0.0,0.0,8501.101358405085
2023-06-18,12811.236565805013,7230.173405332301,10056.107145881102,12811.236565805013,12811.236565805013,-4273.082723082181,-4273.082723082181,-4273.082723082181,-4273.082723082181,-4273.082723082181,-4273.082723082181,0.0,0.0,0.0,8538.153842722833
2023-06-25,12829.685171160134,6652.078979036723,9443.71093934029,12829.685171160134,12829.685171160134,-4811.09488337795,-4811.09488337795,-4811.09488337795,-4811.09488337795,-4811.09488337795,-4811.09488337795,0.0,0.0,0.0,8018.590287782184
2023-07-02,12848.133776515255,5962.705610034103,8786.71551006969,12848.133776515255,12848.133776515255,-5456.7506094183245,-5456.7506094183245,-5456.7506094183245,-5456.7506094183245,-5456.7506094183245,-5456.7506094183245,0.0,0.0,0.0,7391.38316709693
2023-07-09,12866.582381870372,5736.532630696889,8553.681291536386,12866.582381870372,12866.582381870372,-5637.233889348616,-5637.233889348616,-5637.233889348616,-5637.233889348616,-5637.233889348616,-5637.233889348616,0.0,0.0,0.0,7229.348492521756
2023-07-16,12884.989943511127,6194.956702364545,9147.974047893005,12884.989943511127,12884.989943511127,-5195.815176534072,-5195.815176534072,-5195.815176534072,-5195.815176534072,-5195.815176534072,-5195.815176534072,0.0,0.0,0.0,7689.174766977056
2023-07-23,12903.397505151883,6997.259467764342,9939.39046160065,12903.397505151883,12903.397505151883,-4421.676089176302,-4421.676089176302,-4421.676089176302,-4421.676089176302,-4421.676089176302,-4421.676089176302,0.0,0.0,0.0,8481.72141597558
2023-07-30,12921.805066792636,7871.292414571673,10769.744561348369,12921.805066792636,12921.805066792636,-3620.202823733175,-3620.202823733175,-3620.202823733175,-3620.202823733175,-3620.202823733175,-3620.202823733175,0.0,0.0,0.0,9301.60224305946
2023-08-06,12940.212628433392,8727.796874680836,11528.208730598544,12940.212628433392,12940.212628433392,-2812.6097734992245,-2812.6097734992245,-2812.6097734992245,-2812.6097734992245,-2812.6097734992245,-2812.6097734992245,0.0,0.0,0.0,10127.602854934168
2023-08-13,12958.620190074143,9755.43394832108,12466.59976186174,12958.620190074143,12958.620190074143,-1922.8305819205077,-1922.8305819205077,-1922.8305819205077,-1922.8305819205077,-1922.8305819205077,-1922.8305819205077,0.0,0.0,0.0,11035.789608153636
2023-08-20,12977.027751714899,10447.72072442182,13345.018439891575,12977.027751714899,12977.027751714899,-1132.6797102125147,-1132.6797102125147,-1132.6797102125147,-1132.6797102125147,-1132.6797102125147,-1132.6797102125147,0.0,0.0,0.0,11844.348041502384
2023-08-27,12995.435313355654,10825.51620097417,13551.0573277256,12995.435313355654,12995.435313355654,-848.4975978730675,-848.4975978730675,-848.4975978730675,-848.4975978730675,-848.4975978730675,-848.4975978730675,0.0,0.0,0.0,12146.937715482587
2023-09-03,13013.842874996408,10300.978722299204,13156.441153385558,13013.842874996408,13013.842874996408,-1233.8548200997059,-1233.8548200997059,-1233.8548200997059,-1233.8548200997059,-1233.8548200997059,-1233.8548200997059,0.0,0.0,0.0,11779.988054896701
2023-09-10,13032.250436637165,9729.450664170117,12550.081072010411,13032.250436637165,13032.250436637165,-1866.0345975184011,-1866.0345975184011,-1866.0345975184011,-1866.0345975184011,-1866.0345975184011,-1866.0345975184011,0.0,0.0,0.0,11166.215839118764
2023-09-17,13050.425332704364,9763.51755769198,12468.848878315503,13050.425332704364,13050.425332704364,-1988.5214636895228,-1988.5214636895228,-1988.5214636895228,-1988.5214636895228,-1988.5214636895228,-1988.5214636895228,0.0,0.0,0.0,11061.90386901484
2023-09-24,13068.600228771566,10619.402620216473,13422.913799524784,13068.600228771566,13068.600228771566,-1147.155967902852,-1147.155967902852,-1147.155967902852,-1147.155967902852,-1147.155967902852,-1147.155967902852,0.0,0.0,0.0,11921.444260868713
2023-10-01,13086.775124838765,12140.340183092341,14991.310347381852,13086.775124838765,13086.775124838765,446.7216979332517,446.7216979332517,446.7216979332517,446.7216979332517,446.7216979332517,446.7216979332517,0.0,0.0,0.0,13533.496822772016
2023-10-08,13104.950020905966,13760.28785221335,16633.44575854594,13104.950020905966,13104.950020905966,2159.290306162005,2159.290306162005,2159.290306162005,2159.290306162005,2159.290306162005,2159.290306162005,0.0,0.0,0.0,15264.240327067972
2023-10-15,13123.124916973167,15155.189520905544,17931.95410022247,13123.124916973167,13123.124916973167,3450.6096211898434,3450.6096211898434,3450.6096211898434,3450.6096211898434,3450.6096211898434,3450.6096211898434,0.0,0.0,0.0,16573.73453816301
2023-10-22,13141.299813040368,15816.06138614016,18714.5980786596,13141.299813040368,13141.299813040368,4128.727348558674,4128.727348558674,4128.727348558674,4128.727348558674,4128.727348558674,4128.727348558674,0.0,0.0,0.0,17270.027161599042
2023-10-29,13159.474709107566,15905.57045027263,18827.457345874293,13159.474709107566,13159.474709107566,4234.745650076842,4234.745650076842,4234.745650076842,4234.745650076842,4234.745650076842,4234.745650076842,0.0,0.0,0.0,17394.220359184408
2023-11-05,13177.649605174767,15563.695473097077,18449.95761010928,13177.649605174767,13177.649605174767,3889.495371197519,3889.495371197519,3889.495371197519,3889.495371197519,3889.495371197519,3889.495371197519,0.0,0.0,0.0,17067.144976372285
2023-11-12,13195.824501241968,15167.321381843547,17950.080914815277,13195.824501241968,13195.824501241968,3327.1344050661432,3327.1344050661432,3327.1344050661432,3327.1344050661432,3327.1344050661432,3327.1344050661432,0.0,0.0,0.0,16522.95890630811
2023-11-19,13213.999397309166,14884.0757304221,17508.613027785894,13213.999397309166,13213.999397309166,2927.494213096649,2927.494213096649,2927.494213096649,2927.494213096649,2927.494213096649,2927.494213096649,0.0,0.0,0.0,16141.493610405814
2023-11-26,13232.142304409099,14783.11193817449,17559.49109047507,13232.142304409099,13232.142304409099,2989.2802906620595,2989.2802906620595,2989.2802906620595,2989.2802906620595,2989.2802906620595,2989.2802906620595,0.0,0.0,0.0,16221.422595071159
2023-12-03,13250.285211509032,15340.77952955182,18055.295288204106,13250.285211509032,13250.285211509032,3398.9099993439236,3398.9099993439236,3398.9099993439236,3398.9099993439236,3398.9099993439236,3398.9099993439236,0.0,0.0,0.0,16649.195210852955
2023-12-10,13268.428118608965,15379.091388611241,18376.842034072455,13268.428118608965,13268.428118608965,3650.400327147391,3650.400327147391,3650.400327147391,3650.400327147391,3650.400327147391,3650.400327147391,0.0,0.0,0.0,16918.828445756357
2023-12-17,13286.571025708898,15219.024547114497,17968.787730631957,13286.571025708898,13286.571025708898,3345.792399506645,3345.792399506645,3345.792399506645,3345.792399506645,3345.792399506645,3345.792399506645,0.0,0.0,0.0,16632.363425215543
2023-12-24,13304.713932808827,14609.006732228028,17467.05780909765,13304.713932808827,13304.713932808827,2682.0835568158814,2682.0835568158814,2682.0835568158814,2682.0835568158814,2682.0835568158814,2682.0835568158814,0.0,0.0,0.0,15986.797489624709
2023-12-31,13322.85683990876,14205.065219811819,17057.046242446362,13322.85683990876,13322.85683990876,2329.008246321299,2329.008246321299,2329.008246321299,2329.008246321299,2329.008246321299,2329.008246321299,0.0,0.0,0.0,15651.865086230058
2024-01-07,13340.999747008693,14629.110581358806,17548.831833186552,13340.999747008693,13340.999747008693,2757.268305481422,2757.268305481422,2757.268305481422,2757.268305481422,2757.268305481422,2757.268305481422,0.0,0.0,0.0,16098.268052490115
2024-01-14,13359.142654108624,15694.425960530973,18529.196966736974,13359.142654108624,13359.142654108624,3745.3039312532187,3745.3039312532187,3745.3039312532187,3745.3039312532187,3745.3039312532187,3745.3039312532187,0.0,0.0,0.0,17104.446585361842
2024-01-21,13377.285561208557,16530.899151160804,19412.69307826586,13377.285561208557,13377.285561208557,4628.205675101702,4628.205675101702,4628.205675101702,4628.205675101702,4628.205675101702,4628.205675101702,0.0,0.0,0.0,18005.49123631026
2024-01-28,13395.307153706606,16997.602884903754,19803.948397157925,13395.307153706606,13395.307153706606,4995.15523144519,4995.15523144519,4995.15523144519,4995.15523144519,4995.15523144519,4995.15523144519,0.0,0.0,0.0,18390.462385151797
2024-02-04,13413.32874620466,16991.212941232414,19954.493632512407,13413.32874620466,13413.32874620466,5012.847101762277,5012.847101762277,5012.847101762277,5012.847101762277,5012.847101762277,5012.847101762277,0.0,0.0,0.0,18426.175847966937
2024-02-11,13431.350338702709,16970.768894170422,19841.529997408114,13431.350338702709,13431.350338702709,5014.320837997042,5014.320837997042,5014.320837997042,5014.320837997042,5014.320837997042,5014.320837997042,0.0,0.0,0.0,18445.67117669975
2024-02-18,13449.37193120076,17016.098531337986,19755.383509769166,13449.37193120076,13449.37193120076,4901.6641147298415,4901.6641147298415,4901.6641147298415,4901.6641147298415,4901.6641147298415,4901.6641147298415,0.0,0.0,0.0,18351.036045930603
2024-02-25,13467.393523698809,16149.835346685211,19141.66473016498,13467.393523698809,13467.393523698809,4152.505412967794,4152.505412967794,4152.505412967794,4152.505412967794,4152.505412967794,4152.505412967794,0.0,0.0,0.0,17619.898936666603
2024-03-03,13485.415116196862,14525.498845054202,17293.547771287635,13485.415116196862,13485.415116196862,2479.402687257819,2479.402687257819,2479.402687257819,2479.402687257819,2479.402687257819,2479.402687257819,0.0,0.0,0.0,15964.81780345468
2024-03-10,13503.436708694911,12421.520684302846,15223.148372909127,13503.436708694911,13503.436708694911,361.4828481284,361.4828481284,361.4828481284,361.4828481284,361.4828481284,361.4828481284,0.0,0.0,0.0,13864.919556823312
2024-03-17,13521.458301192963,10761.876090658607,13782.132942236238,13521.458301192963,13521.458301192963,-1232.3173719604765,-1232.3173719604765,-1232.3173719604765,-1232.3173719604765,-1232.3173719604765,-1232.3173719604765,0.0,0.0,0.0,12289.140929232486
2024-03-24,13539.479893691012,10503.216088800906,13298.38823167115,13539.479893691012,13539.479893691012,-1684.237021409589,-1684.237021409589,-1684.237021409589,-1684.237021409589,-1684.237021409589,-1684.237021409589,0.0,0.0,0.0,11855.242872281422
2024-03-31,13557.501485514229,10878.402059467184,13813.352747629386,13557.501485514229,13557.501485514229,-1240.8743712166463,-1240.8743712166463,-1240.8743712166463,-1240.8743712166463,-1240.8743712166463,-1240.8743712166463,0.0,0.0,0.0,12316.627114297582
2024-04-07,13575.523077337446,11408.992895575802,14255.82126173545,13575.523077337446,13575.523077337446,-691.5866228905768,-691.5866228905768,-691.5866228905768,-691.5866228905768,-691.5866228905768,-691.5866228905768,0.0,0.0,0.0,12883.93645444687
2024-04-14,13593.544669160665,11544.36345476793,14452.320122220926,13593.544669160665,13593.544669160665,-633.471672686302,-633.471672686302,-633.471672686302,-633.471672686302,-633.471672686302,-633.471672686302,0.0,0.0,0.0,12960.072996474362
2024-04-21,13611.566260983884,11104.424557008773,13971.964958819795,13611.566260983884,13611.566260983884,-1114.0124928607233,-1114.0124928607233,-1114.0124928607233,-1114.0124928607233,-1114.0124928607233,-1114.0124928607233,0.0,0.0,0.0,12497.55376812316
2024-04-28,13629.5878528071,10346.224967573551,13137.04050006378,13629.5878528071,13629.5878528071,-1886.998416404559,-1886.998416404559,-1886.998416404559,-1886.998416404559,-1886.998416404559,-1886.998416404559,0.0,0.0,0.0,11742.58943640254
2024-05-05,13647.60944463032,9451.288260427402,12273.866272173149,13647.60944463032,13647.60944463032,-2794.644509674855,-2794.644509674855,-2794.644509674855,-2794.644509674855,-2794.644509674855,-2794.644509674855,0.0,0.0,0.0,10852.964934955464
2024-05-12,13665.631036453537,8413.154923680439,11431.018028827106,13665.631036453537,13665.631036453537,-3778.709933445347,-3778.709933445347,-3778.709933445347,-3778.709933445347,-3778.709933445347,-3778.709933445347,0.0,0.0,0.0,9886.92110300819
2024-05-19,13683.652628276755,7561.855236906304,10483.196504011625,13683.652628276755,13683.652628276755,-4638.931930928644,-4638.931930928644,-4638.931930928644,-4638.931930928644,-4638.931930928644,-4638.931930928644,0.0,0.0,0.0,9044.720697348112
2024-05-26,13701.674220099974,7262.9720567659915,10020.39323090001,13701.674220099974,13701.674220099974,-5028.552430750022,-5028.552430750022,-5028.552430750022,-5028.552430750022,-5028.552430750022,-5028.552430750022,0.0,0.0,0.0,8673.121789349952
2024-06-02,13719.69580654302,7544.767443006992,10290.028426284052,13719.69580654302,13719.69580654302,-4815.057060670631,-4815.057060670631,-4815.057060670631,-4815.057060670631,-4815.057060670631,-4815.057060670631,0.0,0.0,0.0,8904.638745872391
2024-06-09,13737.717392986064,7945.464932582605,10763.726243826875,13737.717392986064,13737.717392986064,-4353.080909513427,-4353.080909513427,-4353.080909513427,-4353.080909513427,-4353.080909513427,-4353.080909513427,0.0,0.0,0.0,9384.636483472637
2024-06-16,13755.73897942911,8085.027303988343,10833.246204101844,13755.73897942911,13755.73897942911,-4230.733845868734,-4230.733845868734,-4230.733845868734,-4230.733845868734,-4230.733845868734,-4230.733845868734,0.0,0.0,0.0,9525.005133560377
2024-06-23,13773.760565872153,7702.212671016082,10417.564078634978,13773.760565872153,13773.760565872153,-4688.79194412246,-4688.79194412246,-4688.79194412246,-4688.79194412246,-4688.79194412246,-4688.79194412246,0.0,0.0,0.0,9084.968621749693
2024-06-30,13791.7821523152,7009.718079865658,9810.47221996747,13791.7821523152,13791.7821523152,-5362.343685029435,-5362.343685029435,-5362.343685029435,-5362.343685029435,-5362.343685029435,-5362.343685029435,0.0,0.0,0.0,8429.438467285765
2024-07-07,13809.803738758244,6691.432664938925,9542.438189296,13809.803738758244,13809.803738758244,-5653.554910458568,-5653.554910458568,-5653.554910458568,-5653.554910458568,-5653.554910458568,-5653.554910458568,0.0,0.0,0.0,8156.2488282996765
2024-07-14,13827.82532520129,7130.0912738184215,9958.28779462359,13827.82532520129,13827.82532520129,-5310.514165363706,-5310.514165363706,-5310.514165363706,-5310.514165363706,-5310.514165363706,-5310.514165363706,0.0,0.0,0.0,8517.311159837584
2024-07-21,13845.846911644334,7968.679556413769,10783.160270889863,13845.846911644334,13845.846911644334,-4567.445905711772,-4567.445905711772,-4567.445905711772,-4567.445905711772,-4567.445905711772,-4567.445905711772,0.0,0.0,0.0,9278.401005932563
2024-07-28,13863.86849808738,8719.73466942972,11489.413867024272,13863.86849808738,13863.86849808738,-3760.831704713512,-3760.831704713512,-3760.831704713512,-3760.831704713512,-3760.831704713512,-3760.831704713512,0.0,0.0,0.0,10103.036793373869
2024-08-04,13881.890084530425,9537.731106251025,12370.118182772376,13881.890084530425,13881.890084530425,-2962.5093447963727,-2962.5093447963727,-2962.5093447963727,-2962.5093447963727,-2962.5093447963727,-2962.5093447963727,0.0,0.0,0.0,10919.380739734053
2024-08-11,13899.91167097347,10314.033620759548,13317.624892749805,13899.91167097347,13899.91167097347,-2084.359220668293,-2084.359220668293,-2084.359220668293,-2084.359220668293,-2084.359220668293,-2084.359220668293,0.0,0.0,0.0,11815.552450305177
2024-08-18,13917.933257416515,11163.478174797925,14064.319468085552,13917.933257416515,13917.933257416515,-1248.4070331696544,-1248.4070331696544,-1248.4070331696544,-1248.4070331696544,-1248.4070331696544,-1248.4070331696544,0.0,0.0,0.0,12669.52622424686
2024-08-25,13935.954843859558,11661.171807959392,14506.91073967154,13935.954843859558,13935.954843859558,-847.7713092243065,-847.7713092243065,-847.7713092243065,-847.7713092243065,-847.7713092243065,-847.7713092243065,0.0,0.0,0.0,13088.18353463525
2024-09-01,13953.976430302606,11358.445033830656,14218.640593078455,13953.976430302606,13953.976430302606,-1127.1977768217305,-1127.1977768217305,-1127.1977768217305,-1127.1977768217305,-1127.1977768217305,-1127.1977768217305,0.0,0.0,0.0,12826.778653480875
2024-09-08,13971.998016745649,10796.099282932135,13609.767315071187,13971.998016745649,13971.998016745649,-1768.9702980800598,-1768.9702980800598,-1768.9702980800598,-1768.9702980800598,-1768.9702980800598,-1768.9702980800598,0.0,0.0,0.0,12203.02771866559
2024-09-15,13990.019603188697,10529.37565965009,13452.733440176615,13990.019603188697,13990.019603188697,-2032.5440603479833,-2032.5440603479833,-2032.5440603479833,-2032.5440603479833,-2032.5440603479833,-2032.5440603479833,0.0,0.0,0.0,11957.475542840713
2024-09-22,14008.04118963174,11285.902025511728,14112.061058352374,14008.04118963174,14008.04118963174,-1367.081616615258,-1367.081616615258,-1367.081616615258,-1367.081616615258,-1367.081616615258,-1367.081616615258,0.0,0.0,0.0,12640.959573016482
2024-09-29,14026.062776074787,12633.657859685567,15542.96806948814,14026.062776074787,14026.062776074787,133.5929984471172,133.5929984471172,133.5929984471172,133.5929984471172,133.5929984471172,133.5929984471172,0.0,0.0,0.0,14159.655774521903
2024-10-06,14044.08436251783,14455.452182798612,17299.729243057904,14044.08436251783,14044.08436251783,1873.1501102345267,1873.1501102345267,1873.1501102345267,1873.1501102345267,1873.1501102345267,1873.1501102345267,0.0,0.0,0.0,15917.234472752356
2024-10-13,14062.105948960874,15935.757494497697,18740.056205428304,14062.105948960874,14062.105948960874,3263.7903596732103,3263.7903596732103,3263.7903596732103,3263.7903596732103,3263.7903596732103,3263.7903596732103,0.0,0.0,0.0,17325.896308634085
2024-10-20,14080.12753540392,16683.38515169087,19537.829810018273,14080.12753540392,14080.12753540392,4052.227027691776,4052.227027691776,4052.227027691776,4052.227027691776,4052.227027691776,4052.227027691776,0.0,0.0,0.0,18132.354563095698
2024-10-27,14098.149121846965,16868.961366073436,19725.071997834955,14098.149121846965,14098.149121846965,4253.252803772386,4253.252803772386,4253.252803772386,4253.252803772386,4253.252803772386,4253.252803772386,0.0,0.0,0.0,18351.40192561935
2024-11-03,14116.17070829001,16727.27913770955,19514.317487050765,14116.17070829001,14116.17070829001,3976.0816429933,3976.0816429933,3976.0816429933,3976.0816429933,3976.0816429933,3976.0816429933,0.0,0.0,0.0,18092.25235128331
2024-11-10,14134.192294733057,16173.50629010412,18996.197412358077,14134.192294733057,14134.192294733057,3427.5793505941574,3427.5793505941574,3427.5793505941574,3427.5793505941574,3427.5793505941574,3427.5793505941574,0.0,0.0,0.0,17561.771645327215
2024-11-17,14152.213881176101,15628.674362469337,18440.210274436096,14152.213881176101,14152.213881176101,2969.716298080567,2969.716298080567,2969.716298080567,2969.716298080567,2969.716298080567,2969.716298080567,0.0,0.0,0.0,17121.93017925667
2024-11-24,14170.235467619146,15674.017454526374,18574.415570669986,14170.235467619146,14170.235467619146,2942.676511357914,2942.676511357914,2942.676511357914,2942.676511357914,2942.676511357914,2942.676511357914,0.0,0.0,0.0,17112.91197897706
2024-12-01,14188.257054062191,16067.186181452873,18875.07489968056,14188.257054062191,14188.257054062191,3320.4726803452236,3320.4726803452236,3320.4726803452236,3320.4726803452236,3320.4726803452236,3320.4726803452236,0.0,0.0,0.0,17508.729734407414
2024-12-08,14206.278640505234,16382.476038455276,19138.94510072981,14206.278640505234,14206.278640505234,3640.9676391030866,3640.9676391030866,3640.9676391030866,3640.9676391030866,3640.9676391030866,3640.9676391030866,0.0,0.0,0.0,17847.24627960832
2024-12-15,14224.300226948282,16248.921504264406,19110.39250021516,14224.300226948282,14224.300226948282,3441.182929443502,3441.182929443502,3441.182929443502,3441.182929443502,3441.182929443502,3441.182929443502,0.0,0.0,0.0,17665.483156391783
2024-12-22,14242.321813391325,15639.167718924462,18456.584905898762,14242.321813391325,14242.321813391325,2798.9474089664714,2798.9474089664714,2798.9474089664714,2798.9474089664714,2798.9474089664714,2798.9474089664714,0.0,0.0,0.0,17041.269222357798
2024-12-29,14260.343399834372,15219.382268365036,17942.886051511934,14260.343399834372,14260.343399834372,2340.3248529464827,2340.3248529464827,2340.3248529464827,2340.3248529464827,2340.3248529464827,2340.3248529464827,0.0,0.0,0.0,16600.668252780855
2025-01-05,14278.364986277415,15447.8695479362,18352.72838001351,14278.364986277415,14278.364986277415,2624.001303802424,2624.001303802424,2624.001303802424,2624.001303802424,2624.001303802424,2624.001303802424,0.0,0.0,0.0,16902.366290079837
2025-01-12,14296.386572720463,16461.536166251946,19288.48026293619,14296.386572720463,14296.386572720463,3556.764293822046,3556.764293822046,3556.764293822046,3556.764293822046,3556.764293822046,3556.764293822046,0.0,0.0,0.0,17853.15086654251
2025-01-19,14314.408159163506,17371.356386655825,20204.615167528507,14314.408159163506,14314.408159163506,4504.373376375754,4504.373376375754,4504.373376375754,4504.373376375754,4504.373376375754,4504.373376375754,0.0,0.0,0.0,18818.78153553926
2025-01-26,14332.42974560655,17866.17596894651,20713.349563081123,14332.42974560655,14332.42974560655,4966.197688362798,4966.197688362798,4966.197688362798,4966.197688362798,4966.197688362798,4966.197688362798,0.0,0.0,0.0,19298.62743396935
2025-02-02,14350.451332049597,18038.282242997564,20831.190088924108,14350.451332049597,14350.451332049597,5017.350873178083,5017.350873178083,5017.350873178083,5017.350873178083,5017.350873178083,5017.350873178083,0.0,0.0,0.0,19367.80220522768
2025-02-09,14368.472918492642,17973.73604435437,20792.71749171628,14368.472918492642,14368.472918492642,5011.671949077288,5011.671949077288,5011.671949077288,5011.671949077288,5011.671949077288,5011.671949077288,0.0,0.0,0.0,19380.14486756993
2025-02-16,14386.494504935687,17877.211687823055,20779.864338267733,14386.494504935687,14386.494504935687,4951.845077159441,4951.845077159441,4951.845077159441,4951.845077159441,4951.845077159441,4951.845077159441,0.0,0.0,0.0,19338.339582095126
2025-02-23,14404.516091378731,17299.607663482297,20042.647569825156,14404.516091378731,14404.516091378731,4354.556555596507,4354.556555596507,4354.556555596507,4354.556555596507,4354.556555596507,4354.556555596507,0.0,0.0,0.0,18759.072646975237
2025-03-02,14422.537677821778,15807.067758571193,18659.362126871314,14422.537677821778,14422.537677821778,2835.042079474387,2835.042079474387,2835.042079474387,2835.042079474387,2835.042079474387,2835.042079474387,0.0,0.0,0.0,17257.579757296164
2025-03-09,14440.559264264823,13773.376120144974,16607.450188051993,14440.559264264823,14440.559264264823,729.640013055546,729.640013055546,729.640013055546,729.640013055546,729.640013055546,729.640013055546,0.0,0.0,0.0,15170.19927732037
2025-03-16,14458.580850707867,11995.408034320048,14823.137091881306,14458.580850707867,14458.580850707867,-1024.233253745675,-1024.233253745675,-1024.233253745675,-1024.233253745675,-1024.233253745675,-1024.233253745675,0.0,0.0,0.0,13434.347596962192
2025-03-23,14476.60243715091,11294.092250288924,14206.776799557132,14476.60243715091,14476.60243715091,-1687.3841686030262,-1687.3841686030262,-1687.3841686030262,-1687.3841686030262,-1687.3841686030262,-1687.3841686030262,0.0,0.0,0.0,12789.218268547884
2025-03-30,14494.624023593959,11671.266698264462,14557.142096334579,14494.624023593959,14494.624023593959,-1352.070248570866,-1352.070248570866,-1352.070248570866,-1352.070248570866,-1352.070248570866,-1352.070248570866,0.0,0.0,0.0,13142.553775023092
2025-04-06,14512.645610037001,12258.693806157231,15047.25752753484,14512.645610037001,14512.645610037001,-763.7973393509919,-763.7973393509919,-763.7973393509919,-763.7973393509919,-763.7973393509919,-763.7973393509919,0.0,0.0,0.0,13748.848270686009
2025-04-13,14530.667196480048,12525.540072942915,15221.17481504171,14530.667196480048,14530.667196480048,-599.1971465205061,-599.1971465205061,-599.1971465205061,-599.1971465205061,-599.1971465205061,-599.1971465205061,0.0,0.0,0.0,13931.470049959542
2025-04-20,14548.688782923091,12060.66250258849,15111.668780480413,14548.688782923091,14548.688782923091,-999.3103068774604,-999.3103068774604,-999.3103068774604,-999.3103068774604,-999.3103068774604,-999.3103068774604,0.0,0.0,0.0,13549.378476045631
2025-04-27,14566.710369366137,11442.505951260699,14343.13606744087,14566.710369366137,14566.710369366137,-1737.0162111934603,-1737.0162111934603,-1737.0162111934603,-1737.0162111934603,-1737.0162111934603,-1737.0162111934603,0.0,0.0,0.0,12829.694158172677
2025-05-04,14584.731955809182,10457.991891379785,13345.62749303221,14584.731955809182,14584.731955809182,-2624.738937835281,-2624.738937835281,-2624.738937835281,-2624.738937835281,-2624.738937835281,-2624.738937835281,0.0,0.0,0.0,11959.993017973902
2025-05-11,14602.753542252227,9603.814155396658,12398.939689808523,14602.753542252227,14602.753542252227,-3603.1688405465,-3603.1688405465,-3603.1688405465,-3603.1688405465,-3603.1688405465,-3603.1688405465,0.0,0.0,0.0,10999.584701705728
2025-05-18,14620.775128695272,8691.231821582569,11545.755720279212,14620.775128695272,14620.775128695272,-4510.048100404723,-4510.048100404723,-4510.048100404723,-4510.048100404723,-4510.048100404723,-4510.048100404723,0.0,0.0,0.0,10110.727028290548
2025-05-25,14638.796715138318,8105.962167529893,11010.539427033962,14638.796715138318,14638.796715138318,-5005.3841191393485,-5005.3841191393485,-5005.3841191393485,-5005.3841191393485,-5005.3841191393485,-5005.3841191393485,0.0,0.0,0.0,9633.412595998969
2025-06-01,14656.818301581363,8417.542362667942,11242.592139025259,14656.818301581363,14656.818301581363,-4887.703500006126,-4887.703500006126,-4887.703500006126,-4887.703500006126,-4887.703500006126,-4887.703500006126,0.0,0.0,0.0,9769.114801575237
2025-06-08,14674.839888024408,8911.897733077085,11702.487337186783,14674.839888024408,14674.839888024408,-4426.3321318806065,-4426.3321318806065,-4426.3321318806065,-4426.3321318806065,-4426.3321318806065,-4426.3321318806065,0.0,0.0,0.0,10248.507756143801
2025-06-15,14692.861474467454,9008.152853520376,11916.622001657499,14692.861474467454,14692.861474467454,-4208.717295902091,-4208.717295902091,-4208.717295902091,-4208.717295902091,-4208.717295902091,-4208.717295902091,0.0,0.0,0.0,10484.144178565362
2025-06-22,14710.883060910497,8642.509137096524,11518.915727279957,14710.883060910497,14710.883060910497,-4574.04530179602,-4574.04530179602,-4574.04530179602,-4574.04530179602,-4574.04530179602,-4574.04530179602,0.0,0.0,0.0,10136.837759114478
2025-06-29,14728.904647353544,8000.558100941191,10921.492387691367,14728.904647353544,14728.904647353544,-5254.6660230696425,-5254.6660230696425,-5254.6660230696425,-5254.6660230696425,-5254.6660230696425,-5254.6660230696425,0.0,0.0,0.0,9474.238624283902
2025-07-06,14746.926233796587,7646.075195175219,10499.40584945065,14746.926233796587,14746.926233796587,-5648.177993430321,-5648.177993430321,-5648.177993430321,-5648.177993430321,-5648.177993430321,-5648.177993430321,0.0,0.0,0.0,9098.748240366265
2025-07-13,14764.947820239635,7923.563466854226,10741.61357291308,14764.947820239635,14764.947820239635,-5412.206415148201,-5412.206415148201,-5412.206415148201,-5412.206415148201,-5412.206415148201,-5412.206415148201,0.0,0.0,0.0,9352.741405091434
2025-07-20,14782.969406682678,8550.083884808773,11472.747785309353,14782.969406682678,14782.969406682678,-4712.077801044835,-4712.077801044835,-4712.077801044835,-4712.077801044835,-4712.077801044835,-4712.077801044835,0.0,0.0,0.0,10070.891605637844
2025-07-27,14800.990993125723,9519.311214282583,12383.682353866448,14800.977598450458,14801.002127907062,-3902.2530136838186,-3902.2530136838186,-3902.2530136838186,-3902.2530136838186,-3902.2530136838186,-3902.2530136838186,0.0,0.0,0.0,10898.737979441903
2025-08-03,14819.012579568767,10333.941596147477,13126.563526358592,14818.969526441917,14819.046635466708,-3109.1889434970426,-3109.1889434970426,-3109.1889434970426,-3109.1889434970426,-3109.1889434970426,-3109.1889434970426,0.0,0.0,0.0,11709.823636071724
2025-08-10,14837.034166011816,11142.928701120722,14005.624838290854,14836.957882547882,14837.097391572204,-2246.3259176637102,-2246.3259176637102,-2246.3259176637102,-2246.3259176637102,-2246.3259176637102,-2246.3259176637102,0.0,0.0,0.0,12590.708248348106
2025-08-17,14855.055752454859,12073.068363792105,14888.350870257378,14854.931677858382,14855.168323771522,-1378.3945252972155,-1378.3945252972155,-1378.3945252972155,-1378.3945252972155,-1378.3945252972155,-1378.3945252972155,0.0,0.0,0.0,13476.661227157643
2025-08-24,14873.077338897903,12629.073690136316,15411.66578871584,14872.900481707766,14873.257608880205,-870.4102241149801,-870.4102241149801,-870.4102241149801,-870.4102241149801,-870.4102241149801,-870.4102241149801,0.0,0.0,0.0,14002.667114782924
2025-08-31,14891.098925340948,12559.652779423484,15228.135865942208,14890.86595419437,14891.335311167693,-1033.3821473870255,-1033.3821473870255,-1033.3821473870255,-1033.3821473870255,-1033.3821473870255,-1033.3821473870255,0.0,0.0,0.0,13857.716777953923
2025-09-07,14909.120511783995,11908.729624571593,14754.89319781999,14908.829231993346,14909.414923348993,-1659.2905422056656,-1659.2905422056656,-1659.2905422056656,-1659.2905422056656,-1659.2905422056656,-1659.2905422056656,0.0,0.0,0.0,13249.829969578328
2025-09-14,14927.14209822704,11487.592568352675,14373.967661981253,14926.779503958594,14927.526313514096,-2045.033274739479,-2045.033274739479,-2045.033274739479,-2045.033274739479,-2045.033274739479,-2045.033274739479,0.0,0.0,0.0,12882.10882348756
2025-09-21,14945.163684670082,11962.67791020223,14840.840159104564,14944.718712093048,14945.623409124702,-1558.934143419149,-1558.934143419149,-1558.934143419149,-1558.934143419149,-1558.934143419149,-1558.934143419149,0.0,0.0,0.0,13386.229541250934
2025-09-28,14963.185271113129,13277.170145241955,16275.886144577718,14962.668985678927,14963.724156558885,-172.02902664025592,-172.02902664025592,-172.02902664025592,-172.02902664025592,-172.02902664025592,-172.02902664025592,0.0,0.0,0.0,14791.156244472873
2025-10-05,14981.206857556172,15173.541263461588,17992.13530366011,14980.619557541793,14981.831296452623,1574.8545387859533,1574.8545387859533,1574.8545387859533,1574.8545387859533,1574.8545387859533,1574.8545387859533,0.0,0.0,0.0,16556.061396342124
2025-10-12,14999.22844399922,16678.178091446887,19533.90150788136,14998.55755111824,14999.95530614766,3057.0433819414416,3057.0433819414416,3057.0433819414416,3057.0433819414416,3057.0433819414416,3057.0433819414416,0.0,0.0,0.0,18056.27182594066
2025-10-19,15017.250030442263,17560.7300644571,20318.043962533615,15016.45936587929,15018.065350500507,3956.843516231316,3956.843516231316,3956.843516231316,3956.843516231316,3956.843516231316,3956.843516231316,0.0,0.0,0.0,18974.09354667358
2025-10-26,15035.271616885311,17886.763142410273,20780.127485837053,15034.394319573867,15036.178612810556,4256.291370438068,4256.291370438068,4256.291370438068,4256.291370438068,4256.291370438068,4256.291370438068,0.0,0.0,0.0,19291.562987323377
2025-11-02,15053.293203328354,17653.583808114312,20518.884592301412,15052.329570084867,15054.286816061227,4053.511114216977,4053.511114216977,4053.511114216977,4053.511114216977,4053.511114216977,4053.511114216977,0.0,0.0,0.0,19106.80431754533
2025-11-09,15071.314789771399,17316.5561848902,20097.436091657186,15070.236773528246,15072.408309493121,3530.885130058937,3530.885130058937,3530.885130058937,3530.885130058937,3530.885130058937,3530.885130058937,0.0,0.0,0.0,18602.199919830335
2025-11-16,15089.336376214444,16692.053876187583,19537.89097591824,15088.10885586483,15090.540764327287,3026.725149821518,3026.725149821518,3026.725149821518,3026.725149821518,3026.725149821518,3026.725149821518,0.0,0.0,0.0,18116.061526035963
2025-11-23,15107.357962657492,16722.294215022175,19527.67516980935,15106.033593485077,15108.696562919962,2910.3206982395877,2910.3206982395877,2910.3206982395877,2910.3206982395877,2910.3206982395877,2910.3206982395877,0.0,0.0,0.0,18017.67866089708
2025-11-30,15125.379549100535,16989.533319444392,19826.95486751099,15123.934664209819,15126.850144039816,3240.2651229584308,3240.2651229584308,3240.2651229584308,3240.2651229584308,3240.2651229584308,3240.2651229584308,0.0,0.0,0.0,18365.644672058967
2025-12-07,15143.40113554358,17312.981343492935,20192.20788952982,15141.849976769134,15144.957304089057,3613.3338217210908,3613.3338217210908,3613.3338217210908,3613.3338217210908,3613.3338217210908,3613.3338217210908,0.0,0.0,0.0,18756.73495726467
2025-12-14,15161.422721986624,17289.40833914795,20132.37578303999,15159.788664637153,15163.06607796079,3520.790013977996,3520.790013977996,3520.790013977996,3520.790013977996,3520.790013977996,3520.790013977996,0.0,0.0,0.0,18682.21273596462
2025-12-21,15179.444308429667,16632.238570147485,19449.946119188935,15177.689434960825,15181.22551984714,2921.848482942314,2921.848482942314,2921.848482942314,2921.848482942314,2921.848482942314,2921.848482942314,0.0,0.0,0.0,18101.292791371983
2025-12-28,15197.465894872716,16140.378243938849,19057.77297219846,15195.601746574957,15199.359702195912,2377.2805498493885,2377.2805498493885,2377.2805498493885,2377.2805498493885,2377.2805498493885,2377.2805498493885,0.0,0.0,0.0,17574.746444722103
2026-01-04,15215.487481315758,16339.294348642768,19183.617110939118,15213.51450327622,15217.480996594279,2513.062613689753,2513.062613689753,2513.062613689753,2513.062613689753,2513.062613689753,2513.062613689753,0.0,0.0,0.0,17728.55009500551
2026-01-11,15233.509067758805,17157.55147822837,20030.572861103457,15231.422555921585,15235.588917312378,3368.2553738800416,3368.2553738800416,3368.2553738800416,3368.2553738800416,3368.2553738800416,3368.2553738800416,0.0,0.0,0.0,18601.764441638847
2026-01-18,15251.530654201848,18254.276115322577,21002.72894242996,15249.294619463855,15253.732931127493,4363.253988428367,4363.253988428367,4363.253988428367,4363.253988428367,4363.253988428367,4363.253988428367,0.0,0.0,0.0,19614.784642630213
2026-01-25,15269.552240644896,18747.397301226712,21530.32947938653,15267.19387754261,15271.943611913266,4923.284665372464,4923.284665372464,4923.284665372464,4923.284665372464,4923.284665372464,4923.284665372464,0.0,0.0,0.0,20192.83690601736
2026-02-01,15287.57382708794,18903.91419327124,21643.819209310026,15285.092438663103,15290.13168031605,5021.156203527699,5021.156203527699,5021.156203527699,5021.156203527699,5021.156203527699,5021.156203527699,0.0,0.0,0.0,20308.73003061564
2026-02-08,15305.595413530986,18891.633994336637,21659.894786923756,15302.993410844081,15308.274975693776,5008.8548360835675,5008.8548360835675,5008.8548360835675,5008.8548360835675,5008.8548360835675,5008.8548360835675,0.0,0.0,0.0,20314.450249614554
2026-02-15,15323.616999974029,18839.28072195028,21786.913286236326,15320.904821211972,15326.457877802091,4984.654136565291,4984.654136565291,4984.654136565291,4984.654136565291,4984.654136565291,4984.654136565291,0.0,0.0,0.0,20308.27113653932
2026-02-22,15341.638586417075,18469.72221022294,21351.338369049256,15338.75185703689,15344.64135979022,4525.033526405855,4525.033526405855,4525.033526405855,4525.033526405855,4525.033526405855,4525.033526405855,0.0,0.0,0.0,19866.67211282293
2026-03-01,15359.66017286012,17069.09882355447,19955.79631862713,15356.583026824832,15362.88225263858,3170.1671837248246,3170.1671837248246,3170.1671837248246,3170.1671837248246,3170.1671837248246,3170.1671837248246,0.0,0.0,0.0,18529.827356584945
2026-03-08,15377.681759303165,15049.144938231433,18004.679865776172,15374.458370506762,15381.05389275095,1109.5875042402524,1109.5875042402524,1109.5875042402524,1109.5875042402524,1109.5875042402524,1109.5875042402524,0.0,0.0,0.0,16487.269263543418
2026-03-15,15395.703345746211,13134.397205622536,16073.40607403257,15392.367669862817,15399.235525365857,-778.8897601306656,-778.8897601306656,-778.8897601306656,-778.8897601306656,-778.8897601306656,-778.8897601306656,0.0,0.0,0.0,14616.813585615546
2026-03-22,15413.724932189256,12275.705305116267,15203.550270199627,15410.22470794181,15417.369371514267,-1656.7908402728922,-1656.7908402728922,-1656.7908402728922,-1656.7908402728922,-1656.7908402728922,-1656.7908402728922,0.0,0.0,0.0,13756.934091916364
2026-03-29,15431.7465186323,12494.786864787691,15331.88330305018,15428.071893700744,15435.55926694056,-1455.4946636012849,-1455.4946636012849,-1455.4946636012849,-1455.4946636012849,-1455.4946636012849,-1455.4946636012849,0.0,0.0,0.0,13976.251855031016
2026-04-05,15449.768105075344,13222.45678469169,15983.972094202582,15445.994700464154,15453.727657882537,-851.1659743678747,-851.1659743678747,-851.1659743678747,-851.1659743678747,-851.1659743678747,-851.1659743678747,0.0,0.0,0.0,14598.60213070747
2026-04-12,15467.789691518392,13436.747464653965,16261.098325805271,15463.867719754242,15471.872304164686,-583.9692418302808,-583.9692418302808,-583.9692418302808,-583.9692418302808,-583.9692418302808,-583.9692418302808,0.0,0.0,0.0,14883.820449688112
2026-04-19,15485.811277961435,13121.597431035938,15917.919628420255,15481.735212351052,15490.104312860942,-895.1220221871669,-895.1220221871669,-895.1220221871669,-895.1220221871669,-895.1220221871669,-895.1220221871669,0.0,0.0,0.0,14590.689255774269
2026-04-26,15503.832864404481,12537.812156013255,15381.77391895343,15499.601962090685,15508.28418960258,-1591.344668791444,-1591.344668791444,-1591.344668791444,-1591.344668791444,-1591.344668791444,-1591.344668791444,0.0,0.0,0.0,13912.488195613038
2026-05-03,15521.854450847524,11646.669750824276,14468.659061671131,15517.49888778795,15526.470316793513,-2458.0616783182986,-2458.0616783182986,-2458.0616783182986,-2458.0616783182986,-2458.0616783182986,-2458.0616783182986,0.0,0.0,0.0,13063.792772529225
2026-05-10,15539.876037290573,10750.081788450107,13469.512187856242,15535.319262901143,15544.658843026056,-3425.9807225814816,-3425.9807225814816,-3425.9807225814816,-3425.9807225814816,-3425.9807225814816,-3425.9807225814816,0.0,0.0,0.0,12113.89531470909
2026-05-17,15557.897623733616,9752.609728360812,12593.727544341877,15553.15634559587,15562.879848414972,-4367.699853486085,-4367.699853486085,-4367.699853486085,-4367.699853486085,-4367.699853486085,-4367.699853486085,0.0,0.0,0.0,11190.19777024753
2026-05-24,15575.91921017666,9148.89248426196,11922.849516869797,15571.02745055558,15581.058946214165,-4961.251459720011,-4961.251459720011,-4961.251459720011,-4961.251459720011,-4961.251459720011,-4961.251459720011,0.0,0.0,0.0,10614.66775045665
2026-05-31,15593.940796619705,9138.972083991524,12079.960313762127,15588.895416564903,15599.206821902268,-4948.391889781945,-4948.391889781945,-4948.391889781945,-4948.391889781945,-4948.391889781945,-4948.391889781945,0.0,0.0,0.0,10645.548906837761
2026-06-07,15611.962383062752,9678.30535489043,12593.296762955502,15606.763036200406,15617.406707198083,-4508.079141682114,-4508.079141682114,-4508.079141682114,-4508.079141682114,-4508.079141682114,-4508.079141682114,0.0,0.0,0.0,11103.883241380638
2026-06-14,15629.983969505796,9971.030972744735,12966.9834691541,15624.561425097008,15635.667624274776,-4207.116561689837,-4207.116561689837,-4207.116561689837,-4207.116561689837,-4207.116561689837,-4207.116561689837,0.0,0.0,0.0,11422.86740781596
2026-06-21,15648.00555594884,9610.765358111466,12601.457402720562,15642.455338871414,15653.854466981651,-4470.349000095856,-4470.349000095856,-4470.349000095856,-4470.349000095856,-4470.349000095856,-4470.349000095856,0.0,0.0,0.0,11177.656555852984
2026-06-28,15666.027142391886,9054.624542088304,11927.9581331835,15660.285183391152,15672.032114411926,-5137.014117307731,-5137.014117307731,-5137.014117307731,-5137.014117307731,-5137.014117307731,-5137.014117307731,0.0,0.0,0.0,10529.013025084154
2026-07-05,15684.048728834932,8614.382206288437,11434.23427185727,15678.071557894044,15690.202301940257,-5621.181061802484,-5621.181061802484,-5621.181061802484,-5621.181061802484,-5621.181061802484,-5621.181061802484,0.0,0.0,0.0,10062.86766703245
